ticker,forecast_return,risk_score
A,0.0027472376823425293,0.33808284997940063
AAL,0.0027472376823425293,0.33808284997940063
AAP,0.0027472376823425293,0.33808284997940063
AAPL,0.0027472469955682755,0.33808284997940063
ABBV,0.0027472376823425293,0.33808284997940063
ABC,0.0027472376823425293,0.33808284997940063
ABNB,0.0027472376823425293,0.33808284997940063
ABT,0.0027472376823425293,0.33808284997940063
ACGL,0.0027472376823425293,0.33808284997940063
ACN,0.0027472469955682755,0.33808284997940063
ADBE,0.0027472469955682755,0.33808284997940063
ADI,0.0027472469955682755,0.33808284997940063
ADM,0.0027472376823425293,0.33808284997940063
ADP,0.0027472469955682755,0.33808284997940063
ADSK,0.0027472469955682755,0.33808284997940063
AEE,0.0027472376823425293,0.33808284997940063
AEP,0.0027472376823425293,0.33808284997940063
AES,0.0027472376823425293,0.33808284997940063
AFL,0.0027472376823425293,0.33808284997940063
AIG,0.0027472376823425293,0.33808284997940063
AIZ,0.0027472376823425293,0.33808284997940063
AJG,0.0027472376823425293,0.33808284997940063
AKAM,0.0027472469955682755,0.33808284997940063
ALB,0.0027472469955682755,0.33808284997940063
ALGN,0.0027472376823425293,0.33808284997940063
ALK,0.0027472376823425293,0.33808284997940063
ALL,0.0027472376823425293,0.33808284997940063
ALLE,0.0027472376823425293,0.33808284997940063
AMAT,0.0027472469955682755,0.33808284997940063
AMCR,0.0027472376823425293,0.33808284997940063
AMD,0.0027472469955682755,0.33808284997940063
AME,0.0027472376823425293,0.33808284997940063
AMGN,0.0027472376823425293,0.33808284997940063
AMP,0.0027472376823425293,0.33808284997940063
AMT,0.0027472376823425293,0.33808284997940063
AMZN,0.0027472376823425293,0.33808284997940063
ANET,0.0027472469955682755,0.33808284997940063
ANSS,0.0027472376823425293,0.33808284997940063
AON,0.0027472376823425293,0.33808284997940063
AOS,0.0027472376823425293,0.33808284997940063
APA,0.0027472469955682755,0.33808284997940063
APD,0.0027472469955682755,0.33808284997940063
APH,0.0027472469955682755,0.33808284997940063
APO,0.0027472376823425293,0.33808284997940063
APP,0.0027472376823425293,0.33808284997940063
APTV,0.0027472376823425293,0.33808284997940063
ARE,0.0027472376823425293,0.33808284997940063
ATO,0.0027472376823425293,0.33808284997940063
ATVI,0.0027472376823425293,0.33808284997940063
AVB,0.0027472376823425293,0.33808284997940063
AVGO,0.0027472469955682755,0.33808284997940063
AVY,0.0027472376823425293,0.33808284997940063
AWK,0.0027472376823425293,0.33808284997940063
AXON,0.0027472376823425293,0.33808284997940063
AXP,0.0027472376823425293,0.33808284997940063
AZO,0.0027472376823425293,0.33808284997940063
BA,0.0027472376823425293,0.33808284997940063
BAC,0.0027472376823425293,0.33808284997940063
BALL,0.0027472376823425293,0.33808284997940063
BAX,0.0027472376823425293,0.33808284997940063
BBWI,0.0027472376823425293,0.33808284997940063
BBY,0.0027472376823425293,0.33808284997940063
BDX,0.0027472376823425293,0.33808284997940063
BEN,0.0027472376823425293,0.33808284997940063
BF-B,0.0027472376823425293,0.33808284997940063
BF.B,0.0027472376823425293,0.33808284997940063
BG,0.0027472376823425293,0.33808284997940063
BIIB,0.0027472376823425293,0.33808284997940063
BIO,0.0027472376823425293,0.33808284997940063
BK,0.0027472376823425293,0.33808284997940063
BKNG,0.0027472376823425293,0.33808284997940063
BKR,0.0027472469955682755,0.33808284997940063
BLDR,0.0027472376823425293,0.33808284997940063
BLK,0.0027472376823425293,0.33808284997940063
BMY,0.0027472376823425293,0.33808284997940063
BR,0.0027472469955682755,0.33808284997940063
BRK,0.0027472376823425293,0.33808284997940063
BRK-B,0.0027472376823425293,0.33808284997940063
BRK.B,0.0027472376823425293,0.33808284997940063
BRO,0.0027472376823425293,0.33808284997940063
BSX,0.0027472376823425293,0.33808284997940063
BWA,0.0027472376823425293,0.33808284997940063
BX,0.0027472376823425293,0.33808284997940063
BXP,0.0027472376823425293,0.33808284997940063
C,0.0027472376823425293,0.33808284997940063
C:AUDUSD,0.0027472376823425293,0.33808284997940063
C:EURUSD,0.0027472376823425293,0.33808284997940063
C:GBPUSD,0.0027472376823425293,0.33808284997940063
C:NZDUSD,0.0027472376823425293,0.33808284997940063
C:USDCAD,0.0027472376823425293,0.33808284997940063
C:USDCHF,0.0027472376823425293,0.33808284997940063
C:USDJPY,0.0027472376823425293,0.33808284997940063
CAG,0.0027472376823425293,0.33808284997940063
CAH,0.0027472376823425293,0.33808284997940063
CARR,0.0027472376823425293,0.33808284997940063
CAT,0.0027472376823425293,0.33808284997940063
CB,0.0027472376823425293,0.33808284997940063
CBOE,0.0027472376823425293,0.33808284997940063
CBRE,0.0027472376823425293,0.33808284997940063
CCI,0.0027472376823425293,0.33808284997940063
CCL,0.0027472376823425293,0.33808284997940063
CDAY,0.0027472376823425293,0.33808284997940063
CDNS,0.0027472469955682755,0.33808284997940063
CDW,0.0027472469955682755,0.33808284997940063
CE,0.0027472469955682755,0.33808284997940063
CEG,0.0027472376823425293,0.33808284997940063
CF,0.0027472469955682755,0.33808284997940063
CFG,0.0027472376823425293,0.33808284997940063
CHD,0.0027472376823425293,0.33808284997940063
CHRW,0.0027472376823425293,0.33808284997940063
CHTR,0.0027472376823425293,0.33808284997940063
CI,0.0027472376823425293,0.33808284997940063
CINF,0.0027472376823425293,0.33808284997940063
CL,0.0027472376823425293,0.33808284997940063
CL=F,0.0029914602637290955,0.3719990849494934
CLX,0.0027472376823425293,0.33808284997940063
CMA,0.0027472376823425293,0.33808284997940063
CMCSA,0.0027472376823425293,0.33808284997940063
CME,0.0027472376823425293,0.33808284997940063
CMG,0.0027472376823425293,0.33808284997940063
CMI,0.0027472376823425293,0.33808284997940063
CMS,0.0027472376823425293,0.33808284997940063
CNC,0.0027472376823425293,0.33808284997940063
CNP,0.0027472376823425293,0.33808284997940063
COF,0.0027472376823425293,0.33808284997940063
COIN,0.0027472376823425293,0.33808284997940063
COO,0.0027472376823425293,0.33808284997940063
COP,0.0027472469955682755,0.33808284997940063
COR,0.0027472376823425293,0.33808284997940063
COST,0.0027472376823425293,0.33808284997940063
CPAY,0.0027472469955682755,0.33808284997940063
CPB,0.0027472376823425293,0.33808284997940063
CPRT,0.0027472376823425293,0.33808284997940063
CPT,0.0027472376823425293,0.33808284997940063
CRL,0.0027472376823425293,0.33808284997940063
CRM,0.0027472469955682755,0.33808284997940063
CRWD,0.0027472469955682755,0.33808284997940063
CSCO,0.0027472469955682755,0.33808284997940063
CSGP,0.0027472376823425293,0.33808284997940063
CSX,0.0027472376823425293,0.33808284997940063
CTAS,0.0027472376823425293,0.33808284997940063
CTLT,0.0027472376823425293,0.33808284997940063
CTRA,0.0027472469955682755,0.33808284997940063
CTSH,0.0027472469955682755,0.33808284997940063
CTVA,0.0027472469955682755,0.33808284997940063
CVS,0.0027472376823425293,0.33808284997940063
CVX,0.0027472469955682755,0.33808284997940063
CZR,0.0027472376823425293,0.33808284997940063
D,0.0027472376823425293,0.33808284997940063
DAL,0.0027472376823425293,0.33808284997940063
DASH,0.0027472376823425293,0.33808284997940063
DAY,0.0027472469955682755,0.33808284997940063
DD,0.0027472469955682755,0.33808284997940063
DDOG,0.0027472469955682755,0.33808284997940063
DE,0.0027472376823425293,0.33808284997940063
DECK,0.0027472376823425293,0.33808284997940063
DELL,0.0027472469955682755,0.33808284997940063
DFS,0.0027472376823425293,0.33808284997940063
DG,0.0027472376823425293,0.33808284997940063
DGX,0.0027472376823425293,0.33808284997940063
DHI,0.0027472376823425293,0.33808284997940063
DHR,0.0027472376823425293,0.33808284997940063
DIS,0.0027472376823425293,0.33808284997940063
DLR,0.0027472376823425293,0.33808284997940063
DLTR,0.0027472376823425293,0.33808284997940063
DOC,0.0027472376823425293,0.33808284997940063
DOV,0.0027472376823425293,0.33808284997940063
DOW,0.0027472469955682755,0.33808284997940063
DPZ,0.0027472376823425293,0.33808284997940063
DRI,0.0027472376823425293,0.33808284997940063
DTE,0.0027472376823425293,0.33808284997940063
DUK,0.0027472376823425293,0.33808284997940063
DVA,0.0027472376823425293,0.33808284997940063
DVN,0.0027472469955682755,0.33808284997940063
DX-Y.NYB,0.0029914602637290955,0.3719990849494934
DXC,0.0027472469955682755,0.33808284997940063
DXCM,0.0027472376823425293,0.33808284997940063
EA,0.0027472376823425293,0.33808284997940063
EBAY,0.0027472376823425293,0.33808284997940063
ECL,0.0027472469955682755,0.33808284997940063
ED,0.0027472376823425293,0.33808284997940063
EFX,0.0027472376823425293,0.33808284997940063
EG,0.0027472376823425293,0.33808284997940063
EIX,0.0027472376823425293,0.33808284997940063
EL,0.0027472376823425293,0.33808284997940063
ELV,0.0027472376823425293,0.33808284997940063
EME,0.0027472376823425293,0.33808284997940063
EMN,0.0027472469955682755,0.33808284997940063
EMR,0.0027472376823425293,0.33808284997940063
ENPH,0.0027472469955682755,0.33808284997940063
EOG,0.0027472469955682755,0.33808284997940063
EPAM,0.0027472469955682755,0.33808284997940063
EQIX,0.0027472376823425293,0.33808284997940063
EQR,0.0027472376823425293,0.33808284997940063
EQT,0.0027472451329231262,0.33808284997940063
ERIE,0.0027472376823425293,0.33808284997940063
ES,0.0027472376823425293,0.33808284997940063
ESS,0.0027472376823425293,0.33808284997940063
ETN,0.0027472376823425293,0.33808284997940063
ETR,0.0027472376823425293,0.33808284997940063
ETSY,0.0027472376823425293,0.33808284997940063
EVRG,0.0027472376823425293,0.33808284997940063
EW,0.0027472376823425293,0.33808284997940063
EXC,0.0027472376823425293,0.33808284997940063
EXE,0.0027472469955682755,0.33808284997940063
EXPD,0.0027472376823425293,0.33808284997940063
EXPE,0.0027472376823425293,0.33808284997940063
EXR,0.0027472376823425293,0.33808284997940063
F,0.0027472376823425293,0.33808284997940063
FANG,0.0027472469955682755,0.33808284997940063
FAST,0.0027472376823425293,0.33808284997940063
FCX,0.0027472469955682755,0.33808284997940063
FDS,0.0027472376823425293,0.33808284997940063
FDX,0.0027472376823425293,0.33808284997940063
FE,0.0027472376823425293,0.33808284997940063
FFIV,0.0027472469955682755,0.33808284997940063
FI,0.0027472469955682755,0.33808284997940063
FICO,0.0027472469955682755,0.33808284997940063
FIS,0.0027472469955682755,0.33808284997940063
FISV,0.0027472376823425293,0.33808284997940063
FITB,0.0027472376823425293,0.33808284997940063
FLT,0.0027472376823425293,0.33808284997940063
FMC,0.0027472469955682755,0.33808284997940063
FOX,0.0027472376823425293,0.33808284997940063
FOXA,0.0027472376823425293,0.33808284997940063
FRT,0.0027472376823425293,0.33808284997940063
FSLR,0.0027472469955682755,0.33808284997940063
FTNT,0.0027472469955682755,0.33808284997940063
FTV,0.0027472469955682755,0.33808284997940063
GBLTF,0.0027472376823425293,0.33808284997940063
GC=F,0.0029914602637290955,0.3719990849494934
GD,0.0027472376823425293,0.33808284997940063
GDDY,0.0027472469955682755,0.33808284997940063
GE,0.0027472376823425293,0.33808284997940063
GEHC,0.0027472376823425293,0.33808284997940063
GEN,0.0027472469955682755,0.33808284997940063
GEV,0.0027472376823425293,0.33808284997940063
GILD,0.0027472376823425293,0.33808284997940063
GIS,0.0027472376823425293,0.33808284997940063
GL,0.0027472376823425293,0.33808284997940063
GLW,0.0027472469955682755,0.33808284997940063
GM,0.0027472376823425293,0.33808284997940063
GNRC,0.0027472376823425293,0.33808284997940063
GOOG,0.0027472376823425293,0.33808284997940063
GOOGL,0.0027472376823425293,0.33808284997940063
GPC,0.0027472376823425293,0.33808284997940063
GPN,0.0027472376823425293,0.33808284997940063
GRMN,0.0027472469955682755,0.33808284997940063
GS,0.0027472376823425293,0.33808284997940063
GWW,0.0027472376823425293,0.33808284997940063
HAL,0.0027472469955682755,0.33808284997940063
HAS,0.0027472376823425293,0.33808284997940063
HBAN,0.0027472376823425293,0.33808284997940063
HCA,0.0027472376823425293,0.33808284997940063
HD,0.0027472376823425293,0.33808284997940063
HES,0.0027472376823425293,0.33808284997940063
HIG,0.0027472376823425293,0.33808284997940063
HII,0.0027472376823425293,0.33808284997940063
HLT,0.0027472376823425293,0.33808284997940063
HOLX,0.0027472376823425293,0.33808284997940063
HON,0.0027472376823425293,0.33808284997940063
HOOD,0.0027472376823425293,0.33808284997940063
HPE,0.0027472469955682755,0.33808284997940063
HPQ,0.0027472469955682755,0.33808284997940063
HRL,0.0027472376823425293,0.33808284997940063
HSIC,0.0027472376823425293,0.33808284997940063
HST,0.0027472376823425293,0.33808284997940063
HSY,0.0027472376823425293,0.33808284997940063
HUBB,0.0027472376823425293,0.33808284997940063
HUM,0.0027472376823425293,0.33808284997940063
HWM,0.0027472376823425293,0.33808284997940063
I:DJI,0.0027472376823425293,0.33808284997940063
I:NDX,0.0027472376823425293,0.33808284997940063
I:RUT,0.0027472376823425293,0.33808284997940063
I:SPX,0.0027472376823425293,0.33808284997940063
I:VIX,0.0027472376823425293,0.33808284997940063
IBKR,0.0027472376823425293,0.33808284997940063
IBM,0.0027472469955682755,0.33808284997940063
ICE,0.0027472376823425293,0.33808284997940063
IDXX,0.0027472376823425293,0.33808284997940063
IEX,0.0027472376823425293,0.33808284997940063
IFF,0.0027472469955682755,0.33808284997940063
ILMN,0.0027472376823425293,0.33808284997940063
INCY,0.0027472376823425293,0.33808284997940063
INTC,0.0027472469955682755,0.33808284997940063
INTU,0.0027472469955682755,0.33808284997940063
INVH,0.0027472376823425293,0.33808284997940063
IONQ,0.0027472469955682755,0.33808284997940063
IP,0.0027472376823425293,0.33808284997940063
IPG,0.0027472376823425293,0.33808284997940063
IQV,0.0027472376823425293,0.33808284997940063
IR,0.0027472376823425293,0.33808284997940063
IRM,0.0027472376823425293,0.33808284997940063
ISRG,0.0027472376823425293,0.33808284997940063
IT,0.0027472469955682755,0.33808284997940063
ITW,0.0027472376823425293,0.33808284997940063
IVZ,0.0027472376823425293,0.33808284997940063
J,0.0027472376823425293,0.33808284997940063
JBHT,0.0027472376823425293,0.33808284997940063
JBL,0.0027472469955682755,0.33808284997940063
JCI,0.0027472376823425293,0.33808284997940063
JKHY,0.0027472469955682755,0.33808284997940063
JNJ,0.0027472376823425293,0.33808284997940063
JNPR,0.0027472376823425293,0.33808284997940063
JPM,0.0027472376823425293,0.33808284997940063
K,0.0027472376823425293,0.33808284997940063
KDP,0.0027472376823425293,0.33808284997940063
KEY,0.0027472376823425293,0.33808284997940063
KEYS,0.0027472469955682755,0.33808284997940063
KHC,0.0027472376823425293,0.33808284997940063
KIM,0.0027472376823425293,0.33808284997940063
KKR,0.0027472376823425293,0.33808284997940063
KLAC,0.0027472469955682755,0.33808284997940063
KMB,0.0027472376823425293,0.33808284997940063
KMI,0.0027472469955682755,0.33808284997940063
KMX,0.0027472376823425293,0.33808284997940063
KO,0.0027472376823425293,0.33808284997940063
KR,0.0027472376823425293,0.33808284997940063
KVUE,0.0027472376823425293,0.33808284997940063
L,0.0027472376823425293,0.33808284997940063
LDOS,0.0027472469955682755,0.33808284997940063
LEN,0.0027472376823425293,0.33808284997940063
LH,0.0027472376823425293,0.33808284997940063
LHX,0.0027472376823425293,0.33808284997940063
LII,0.0027472376823425293,0.33808284997940063
LIN,0.0027472469955682755,0.33808284997940063
LKQ,0.0027472376823425293,0.33808284997940063
LLY,0.0027472376823425293,0.33808284997940063
LMT,0.0027472376823425293,0.33808284997940063
LNC,0.0027472376823425293,0.33808284997940063
LNT,0.0027472376823425293,0.33808284997940063
LOW,0.0027472376823425293,0.33808284997940063
LRCX,0.0027472469955682755,0.33808284997940063
LULU,0.0027472376823425293,0.33808284997940063
LUV,0.0027472376823425293,0.33808284997940063
LVS,0.0027472376823425293,0.33808284997940063
LW,0.0027472376823425293,0.33808284997940063
LYB,0.0027472469955682755,0.33808284997940063
LYV,0.0027472376823425293,0.33808284997940063
MA,0.0027472376823425293,0.33808284997940063
MAA,0.0027472376823425293,0.33808284997940063
MAR,0.0027472376823425293,0.33808284997940063
MAS,0.0027472376823425293,0.33808284997940063
MCD,0.0027472376823425293,0.33808284997940063
MCHP,0.0027472469955682755,0.33808284997940063
MCK,0.0027472376823425293,0.33808284997940063
MCO,0.0027472376823425293,0.33808284997940063
MDLZ,0.0027472376823425293,0.33808284997940063
MDT,0.0027472376823425293,0.33808284997940063
MET,0.0027472376823425293,0.33808284997940063
META,0.0027472376823425293,0.33808284997940063
MGM,0.0027472376823425293,0.33808284997940063
MHK,0.0027472376823425293,0.33808284997940063
MKC,0.0027472376823425293,0.33808284997940063
MKTX,0.0027472376823425293,0.33808284997940063
MLM,0.0027472469955682755,0.33808284997940063
MMC,0.0027472376823425293,0.33808284997940063
MMM,0.0027472376823425293,0.33808284997940063
MNST,0.0027472376823425293,0.33808284997940063
MO,0.0027472376823425293,0.33808284997940063
MOH,0.0027472376823425293,0.33808284997940063
MOS,0.0027472469955682755,0.33808284997940063
MPC,0.0027472469955682755,0.33808284997940063
MPWR,0.0027472469955682755,0.33808284997940063
MRK,0.0027472376823425293,0.33808284997940063
MRNA,0.0027472376823425293,0.33808284997940063
MRO,0.0027472376823425293,0.33808284997940063
MS,0.0027472376823425293,0.33808284997940063
MSCI,0.0027472376823425293,0.33808284997940063
MSFT,0.0027472469955682755,0.33808284997940063
MSI,0.0027472469955682755,0.33808284997940063
MTB,0.0027472376823425293,0.33808284997940063
MTCH,0.0027472376823425293,0.33808284997940063
MTD,0.0027472376823425293,0.33808284997940063
MU,0.0027472469955682755,0.33808284997940063
NCLH,0.0027472376823425293,0.33808284997940063
NDAQ,0.0027472376823425293,0.33808284997940063
NDSN,0.0027472376823425293,0.33808284997940063
NEE,0.0027472376823425293,0.33808284997940063
NEM,0.0027472469955682755,0.33808284997940063
NFLX,0.0027472376823425293,0.33808284997940063
NI,0.0027472376823425293,0.33808284997940063
NKE,0.0027472376823425293,0.33808284997940063
NOC,0.0027472376823425293,0.33808284997940063
NOW,0.0027472469955682755,0.33808284997940063
NRG,0.0027472376823425293,0.33808284997940063
NSC,0.0027472376823425293,0.33808284997940063
NTAP,0.0027472469955682755,0.33808284997940063
NTRS,0.0027472376823425293,0.33808284997940063
NUE,0.0027472469955682755,0.33808284997940063
NVDA,0.0027472451329231262,0.33808284997940063
NVR,0.0027472376823425293,0.33808284997940063
NWS,0.0027472376823425293,0.33808284997940063
NWSA,0.0027472376823425293,0.33808284997940063
NXPI,0.0027472469955682755,0.33808284997940063
O,0.0027472376823425293,0.33808284997940063
ODFL,0.0027472376823425293,0.33808284997940063
OGN,0.0027472376823425293,0.33808284997940063
OKE,0.0027472469955682755,0.33808284997940063
OMC,0.0027472376823425293,0.33808284997940063
ON,0.0027472469955682755,0.33808284997940063
ORCL,0.0027472469955682755,0.33808284997940063
ORLY,0.0027472376823425293,0.33808284997940063
OTCMKTS:APO,0.0027472376823425293,0.33808284997940063
OTIS,0.0027472376823425293,0.33808284997940063
OXY,0.0027472469955682755,0.33808284997940063
PANW,0.0027472469955682755,0.33808284997940063
PARA,0.0027472376823425293,0.33808284997940063
PAYC,0.0027472469955682755,0.33808284997940063
PAYX,0.0027472469955682755,0.33808284997940063
PCAR,0.0027472376823425293,0.33808284997940063
PCG,0.0027472376823425293,0.33808284997940063
PEAK,0.0027472376823425293,0.33808284997940063
PEG,0.0027472376823425293,0.33808284997940063
PEP,0.0027472376823425293,0.33808284997940063
PFE,0.0027472376823425293,0.33808284997940063
PFG,0.0027472376823425293,0.33808284997940063
PG,0.0027472376823425293,0.33808284997940063
PGR,0.0027472376823425293,0.33808284997940063
PH,0.0027472376823425293,0.33808284997940063
PHM,0.0027472376823425293,0.33808284997940063
PKG,0.0027472376823425293,0.33808284997940063
PLD,0.0027472376823425293,0.33808284997940063
PLTR,0.0027472469955682755,0.33808284997940063
PM,0.0027472376823425293,0.33808284997940063
PNC,0.0027472376823425293,0.33808284997940063
PNR,0.0027472376823425293,0.33808284997940063
PNW,0.0027472376823425293,0.33808284997940063
PODD,0.0027472376823425293,0.33808284997940063
POOL,0.0027472376823425293,0.33808284997940063
PPG,0.0027472469955682755,0.33808284997940063
PPL,0.0027472376823425293,0.33808284997940063
PRU,0.0027472376823425293,0.33808284997940063
PSA,0.0027472376823425293,0.33808284997940063
PSKY,0.0027472376823425293,0.33808284997940063
PSX,0.0027472469955682755,0.33808284997940063
PTC,0.0027472469955682755,0.33808284997940063
PWR,0.0027472376823425293,0.33808284997940063
PXD,0.0027472376823425293,0.33808284997940063
PYPL,0.0027472376823425293,0.33808284997940063
Q,0.0027472469955682755,0.33808284997940063
QCOM,0.0027472469955682755,0.33808284997940063
QRVO,0.0027472469955682755,0.33808284997940063
RCL,0.0027472376823425293,0.33808284997940063
RE,0.0027472376823425293,0.33808284997940063
REG,0.0027472376823425293,0.33808284997940063
REGN,0.0027472376823425293,0.33808284997940063
RF,0.0027472376823425293,0.33808284997940063
RHI,0.0027472376823425293,0.33808284997940063
RJF,0.0027472376823425293,0.33808284997940063
RL,0.0027472376823425293,0.33808284997940063
RMD,0.0027472376823425293,0.33808284997940063
ROK,0.0027472376823425293,0.33808284997940063
ROL,0.0027472376823425293,0.33808284997940063
ROP,0.0027472469955682755,0.33808284997940063
ROST,0.0027472376823425293,0.33808284997940063
RSG,0.0027472376823425293,0.33808284997940063
RTX,0.0027472376823425293,0.33808284997940063
RVTY,0.0027472376823425293,0.33808284997940063
SBAC,0.0027472376823425293,0.33808284997940063
SBNY,0.0027472376823425293,0.33808284997940063
SBUX,0.0027472376823425293,0.33808284997940063
SCHW,0.0027472376823425293,0.33808284997940063
SEE,0.0027472376823425293,0.33808284997940063
SHW,0.0027472469955682755,0.33808284997940063
SIRI,0.0027472376823425293,0.33808284997940063
SJM,0.0027472376823425293,0.33808284997940063
SLB,0.0027472469955682755,0.33808284997940063
SMCI,0.0027472469955682755,0.33808284997940063
SNA,0.0027472376823425293,0.33808284997940063
SNAP,0.0027472376823425293,0.33808284997940063
SNPS,0.0027472469955682755,0.33808284997940063
SO,0.0027472376823425293,0.33808284997940063
SOLS,0.0027472469955682755,0.33808284997940063
SOLV,0.0027472376823425293,0.33808284997940063
SONY,0.0027472469955682755,0.33808284997940063
SPG,0.0027472376823425293,0.33808284997940063
SPGI,0.0027472376823425293,0.33808284997940063
SPOT,0.0027472376823425293,0.33808284997940063
SRE,0.0027472376823425293,0.33808284997940063
STE,0.0027472376823425293,0.33808284997940063
STLD,0.0027472469955682755,0.33808284997940063
STT,0.0027472376823425293,0.33808284997940063
STX,0.0027472469955682755,0.33808284997940063
STZ,0.0027472376823425293,0.33808284997940063
SW,0.0027472376823425293,0.33808284997940063
SWK,0.0027472376823425293,0.33808284997940063
SWKS,0.0027472451329231262,0.33808284997940063
SYF,0.0027472376823425293,0.33808284997940063
SYK,0.0027472376823425293,0.33808284997940063
SYY,0.0027472376823425293,0.33808284997940063
T,0.0027472376823425293,0.33808284997940063
TAP,0.0027472376823425293,0.33808284997940063
TDG,0.0027472376823425293,0.33808284997940063
TDY,0.0027472469955682755,0.33808284997940063
TECH,0.0027472376823425293,0.33808284997940063
TEL,0.0027472469955682755,0.33808284997940063
TER,0.0027472469955682755,0.33808284997940063
TFC,0.0027472376823425293,0.33808284997940063
TFX,0.0027472376823425293,0.33808284997940063
TGT,0.0027472376823425293,0.33808284997940063
TJX,0.0027472376823425293,0.33808284997940063
TKO,0.0027472376823425293,0.33808284997940063
TMO,0.0027472376823425293,0.33808284997940063
TMUS,0.0027472376823425293,0.33808284997940063
TPL,0.0027472469955682755,0.33808284997940063
TPR,0.0027472376823425293,0.33808284997940063
TRGP,0.0027472469955682755,0.33808284997940063
TRMB,0.0027472469955682755,0.33808284997940063
TROW,0.0027472376823425293,0.33808284997940063
TRV,0.0027472376823425293,0.33808284997940063
TSCO,0.0027472376823425293,0.33808284997940063
TSLA,0.0027472376823425293,0.33808284997940063
TSM,0.0027472469955682755,0.33808284997940063
TSN,0.0027472376823425293,0.33808284997940063
TT,0.0027472376823425293,0.33808284997940063
TTD,0.0027472376823425293,0.33808284997940063
TTWO,0.0027472376823425293,0.33808284997940063
TXN,0.0027472469955682755,0.33808284997940063
TXT,0.0027472376823425293,0.33808284997940063
TYL,0.0027472469955682755,0.33808284997940063
UAL,0.0027472376823425293,0.33808284997940063
UBER,0.0027472469955682755,0.33808284997940063
UDR,0.0027472376823425293,0.33808284997940063
UHS,0.0027472376823425293,0.33808284997940063
ULTA,0.0027472376823425293,0.33808284997940063
UNH,0.0027472376823425293,0.33808284997940063
UNP,0.0027472376823425293,0.33808284997940063
UPS,0.0027472376823425293,0.33808284997940063
URI,0.0027472376823425293,0.33808284997940063
USB,0.0027472376823425293,0.33808284997940063
V,0.0027472376823425293,0.33808284997940063
VFC,0.0027472376823425293,0.33808284997940063
VICI,0.0027472376823425293,0.33808284997940063
VLO,0.0027472469955682755,0.33808284997940063
VLTO,0.0027472376823425293,0.33808284997940063
VMC,0.0027472469955682755,0.33808284997940063
VRSK,0.0027472376823425293,0.33808284997940063
VRSN,0.0027472469955682755,0.33808284997940063
VRTX,0.0027472376823425293,0.33808284997940063
VST,0.0027472376823425293,0.33808284997940063
VTR,0.0027472376823425293,0.33808284997940063
VTRS,0.0027472376823425293,0.33808284997940063
VZ,0.0027472376823425293,0.33808284997940063
WAB,0.0027472376823425293,0.33808284997940063
WAT,0.0027472376823425293,0.33808284997940063
WBA,0.0027472376823425293,0.33808284997940063
WBD,0.0027472376823425293,0.33808284997940063
WDAY,0.0027472469955682755,0.33808284997940063
WDC,0.0027472469955682755,0.33808284997940063
WEC,0.0027472376823425293,0.33808284997940063
WELL,0.0027472376823425293,0.33808284997940063
WFC,0.0027472376823425293,0.33808284997940063
WHR,0.0027472376823425293,0.33808284997940063
WM,0.0027472376823425293,0.33808284997940063
WMB,0.0027472469955682755,0.33808284997940063
WMT,0.0027472376823425293,0.33808284997940063
WRB,0.0027472376823425293,0.33808284997940063
WRK,0.0027472376823425293,0.33808284997940063
WSM,0.0027472376823425293,0.33808284997940063
WST,0.0027472376823425293,0.33808284997940063
WTW,0.0027472376823425293,0.33808284997940063
WY,0.0027472376823425293,0.33808284997940063
WYNN,0.0027472376823425293,0.33808284997940063
X,0.0027472376823425293,0.33808284997940063
X:ADAUSD,0.0027472376823425293,0.33808284997940063
X:BTCUSD,0.0027472376823425293,0.33808284997940063
X:DOGEUSD,0.0027472376823425293,0.33808284997940063
X:DOTUSD,0.0027472376823425293,0.33808284997940063
X:ETHUSD,0.0027472376823425293,0.33808284997940063
X:LTCUSD,0.0027472376823425293,0.33808284997940063
X:MATICUSD,0.0027472376823425293,0.33808284997940063
X:SOLUSD,0.0027472376823425293,0.33808284997940063
XEL,0.0027472376823425293,0.33808284997940063
XOM,0.0027472469955682755,0.33808284997940063
XRAY,0.0027472376823425293,0.33808284997940063
XYL,0.0027472376823425293,0.33808284997940063
XYZ,0.0027472469955682755,0.33808284997940063
YUM,0.0027472376823425293,0.33808284997940063
ZBH,0.0027472376823425293,0.33808284997940063
ZBRA,0.0027472469955682755,0.33808284997940063
ZION,0.0027472376823425293,0.33808284997940063
ZTS,0.0027472376823425293,0.33808284997940063
^TNX,0.0029914602637290955,0.3719990849494934
^VIX,0.0029914584010839462,0.3719990849494934
